<beans xmlns="http://www.springframework.org/schema/beans"
       xmlns:xsi="http://www.w3.org/2001/XMLSchema-instance"
       xmlns:context="http://www.springframework.org/schema/context"
       xmlns:mvc="http://www.springframework.org/schema/mvc"
       xmlns:os-core="http://www.openspaces.org/schema/core"
       xmlns:os-events="http://www.openspaces.org/schema/events"
       xmlns:os-remoting="http://www.openspaces.org/schema/remoting"
       xsi:schemaLocation="http://www.springframework.org/schema/mvc http://www.springframework.org/schema/mvc/spring-mvc-3.2.xsd
        http://www.springframework.org/schema/beans http://www.springframework.org/schema/beans/spring-beans-3.2.xsd
        http://www.springframework.org/schema/context http://www.springframework.org/schema/context/spring-context-3.2.xsd
        http://www.openspaces.org/schema/core http://www.openspaces.org/schema/10.0/core/openspaces-core.xsd
        http://www.openspaces.org/schema/events http://www.openspaces.org/schema/10.0/events/openspaces-events.xsd
        http://www.openspaces.org/schema/remoting http://www.openspaces.org/schema/10.0/remoting/openspaces-remoting.xsd">

  <context:component-scan base-package="com.gigaspaces.kryo_example.rest"/>

  <mvc:annotation-driven/>

  <!-- Enables to configure Spring beans through annotations   -->
  <context:annotation-config/>
  <!-- Enable @PostPrimary and others annotation support. -->
  <os-core:annotation-support/>
  <!-- Enables using @Polling and @Notify annotations to creating polling and notify containers  -->
  <os-events:annotation-support/>
  <!-- Enables using @RemotingService and other remoting related annotations   -->
  <os-remoting:annotation-support/>

  <!-- Space Proxy -->
  <os-core:space id="space" url="jini://*/*/shoppingcart-space"/>

  <!-- Define the GigaSpace instance that the application will use to access the space  -->
  <os-core:giga-space id="gigaSpace" space="space"/>

  <os-remoting:executor-proxy id="cartService"
                              giga-space="gigaSpace"
                              interface="com.gigaspaces.kryo_example.service.ICartService">
  </os-remoting:executor-proxy>

</beans>