<?xml version="1.0" encoding="UTF-8"?>
<beans xmlns="http://www.springframework.org/schema/beans"
       xmlns:xsi="http://www.w3.org/2001/XMLSchema-instance"
       xmlns:context="http://www.springframework.org/schema/context"
       xmlns:os-core="http://www.openspaces.org/schema/core"
       xmlns:os-remoting="http://www.openspaces.org/schema/remoting"
       xsi:schemaLocation="http://www.springframework.org/schema/beans http://www.springframework.org/schema/beans/spring-beans-4.1.xsd
       http://www.springframework.org/schema/context http://www.springframework.org/schema/context/spring-context-3.2.xsd
       http://www.openspaces.org/schema/core http://www.openspaces.org/schema/10.0/core/openspaces-core.xsd
       http://www.openspaces.org/schema/remoting http://www.openspaces.org/schema/10.0/remoting/openspaces-remoting.xsd">

  <bean id="propertiesConfigurer" class="org.springframework.beans.factory.config.PropertyPlaceholderConfigurer"/>

  <os-core:giga-space-context/>

  <os-core:embedded-space id="space" name="shoppingcart-space"/>

  <context:component-scan base-package="com.gigaspaces.kryo_example.space,com.gigaspaces.gigapro.inspector"/>

  <os-remoting:annotation-support />

  <os-core:distributed-tx-manager id="transactionManager"/>

  <os-core:giga-space id="gigaSpace" space="space" tx-manager="transactionManager"/>

  <os-remoting:service-exporter id="serviceExporter" />

</beans>